run_id,sample_index,timestamp,elapsed_s,phase,gpu_util_pct,vram_used_mb,vram_total_mb,host_cpu_pct,host_ram_used_mb,api_container_cpu_pct,api_container_mem_used_mb,api_container_mem_pct,api_container_pids
phase08-live-hls-30min-20260718,0,1784366217.662,4.618,warmup,3.0,2439.0,16303.0,20.3,24069.594,20.04,1815.552,11.58,31
phase08-live-hls-30min-20260718,1,1784366222.404,9.36,warmup,3.0,2439.0,16303.0,23.3,24258.25,5.27,1882.112,12.01,51
phase08-live-hls-30min-20260718,2,1784366227.677,14.633,warmup,47.0,2481.0,16303.0,27.0,24526.84,30.02,2123.776,13.55,141
phase08-live-hls-30min-20260718,3,1784366232.409,19.365,warmup,8.0,2488.0,16303.0,16.9,24525.945,40.0,2127.872,13.58,141
phase08-live-hls-30min-20260718,4,1784366237.685,24.641,warmup,21.0,2481.0,16303.0,13.1,24483.875,41.25,2126.848,13.57,141
phase08-live-hls-30min-20260718,5,1784366242.407,29.364,warmup,8.0,2481.0,16303.0,19.7,24491.531,40.04,2129.92,13.59,141
phase08-live-hls-30min-20260718,6,1784366247.689,34.645,warmup,20.0,2481.0,16303.0,18.9,24532.531,45.89,2132.992,13.61,141
phase08-live-hls-30min-20260718,7,1784366252.416,39.373,warmup,8.0,2481.0,16303.0,12.5,24538.707,34.31,2128.896,13.58,141
phase08-live-hls-30min-20260718,8,1784366257.698,44.654,warmup,21.0,2481.0,16303.0,18.3,24516.777,42.88,2132.992,13.61,141
phase08-live-hls-30min-20260718,9,1784366262.398,49.354,warmup,20.0,2482.0,16303.0,17.8,24565.328,45.62,2129.92,13.59,141
phase08-live-hls-30min-20260718,10,1784366267.709,54.666,warmup,5.0,2482.0,16303.0,5.0,24535.336,35.44,2132.992,13.61,141
phase08-live-hls-30min-20260718,11,1784366272.381,59.337,warmup,12.0,2482.0,16303.0,25.9,24478.066,44.03,2129.92,13.59,141
phase08-live-hls-30min-20260718,12,1784366277.727,64.684,steady_state,4.0,2482.0,16303.0,14.1,24541.566,34.13,2132.992,13.61,141
phase08-live-hls-30min-20260718,13,1784366282.412,69.368,steady_state,13.0,2482.0,16303.0,17.2,24593.625,46.49,2130.944,13.6,141
phase08-live-hls-30min-20260718,14,1784366287.724,74.681,steady_state,5.0,2482.0,16303.0,10.2,24647.25,34.48,2135.04,13.62,141
phase08-live-hls-30min-20260718,15,1784366292.421,79.378,steady_state,12.0,2482.0,16303.0,5.1,24592.477,43.78,2130.944,13.59,141
phase08-live-hls-30min-20260718,16,1784366297.739,84.695,steady_state,4.0,2482.0,16303.0,15.4,24598.348,38.26,2135.04,13.62,141
phase08-live-hls-30min-20260718,17,1784366302.443,89.399,steady_state,12.0,2482.0,16303.0,7.2,24557.371,36.19,2130.944,13.6,141
phase08-live-hls-30min-20260718,18,1784366307.741,94.698,steady_state,4.0,2482.0,16303.0,25.5,24655.594,35.08,2134.016,13.61,141
phase08-live-hls-30min-20260718,19,1784366312.391,99.347,steady_state,12.0,2482.0,16303.0,9.4,24581.559,46.07,2129.92,13.59,141
phase08-live-hls-30min-20260718,20,1784366317.749,104.705,steady_state,4.0,2482.0,16303.0,15.1,24606.133,35.26,2134.016,13.62,141
phase08-live-hls-30min-20260718,21,1784366322.405,109.361,steady_state,12.0,2482.0,16303.0,6.8,24635.766,41.07,2130.944,13.6,141
phase08-live-hls-30min-20260718,22,1784366327.763,114.72,steady_state,4.0,2484.0,16303.0,14.7,24640.316,34.03,2134.016,13.62,141
phase08-live-hls-30min-20260718,23,1784366332.437,119.393,steady_state,12.0,2484.0,16303.0,21.0,24646.035,41.43,2129.92,13.59,141
phase08-live-hls-30min-20260718,24,1784366337.775,124.732,steady_state,4.0,2484.0,16303.0,21.7,24615.758,35.9,2132.992,13.61,141
phase08-live-hls-30min-20260718,25,1784366342.427,129.383,steady_state,12.0,2484.0,16303.0,22.2,24631.047,43.7,2129.92,13.59,141
phase08-live-hls-30min-20260718,26,1784366347.789,134.746,steady_state,5.0,2484.0,16303.0,18.8,24571.414,33.03,2130.944,13.6,141
phase08-live-hls-30min-20260718,27,1784366352.41,139.367,steady_state,11.0,2484.0,16303.0,8.8,24549.441,36.54,2131.968,13.6,141
phase08-live-hls-30min-20260718,28,1784366357.802,144.759,steady_state,5.0,2484.0,16303.0,13.3,24501.41,29.11,2129.92,13.59,141
phase08-live-hls-30min-20260718,29,1784366362.386,149.342,steady_state,5.0,2484.0,16303.0,9.0,24575.766,43.25,2131.968,13.6,141
phase08-live-hls-30min-20260718,30,1784366367.808,154.765,steady_state,27.0,2484.0,16303.0,11.1,24550.969,38.39,2134.016,13.62,141
phase08-live-hls-30min-20260718,31,1784366372.412,159.368,steady_state,5.0,2476.0,16303.0,15.1,24547.113,35.11,2129.92,13.59,141
phase08-live-hls-30min-20260718,32,1784366377.819,164.775,steady_state,12.0,2472.0,16303.0,12.7,24569.527,40.21,2132.992,13.61,141
phase08-live-hls-30min-20260718,33,1784366382.424,169.381,steady_state,5.0,2474.0,16303.0,7.8,24548.844,34.46,2129.92,13.59,141
phase08-live-hls-30min-20260718,34,1784366387.839,174.796,steady_state,12.0,2474.0,16303.0,11.9,24521.379,44.18,2132.992,13.61,141
phase08-live-hls-30min-20260718,35,1784366392.4,179.357,steady_state,5.0,2474.0,16303.0,6.6,24522.512,34.07,2129.92,13.59,141
phase08-live-hls-30min-20260718,36,1784366397.844,184.801,steady_state,12.0,2474.0,16303.0,4.5,24560.277,41.66,2132.992,13.61,141
phase08-live-hls-30min-20260718,37,1784366402.44,189.397,steady_state,4.0,2525.0,16303.0,16.7,24597.309,34.53,2129.92,13.59,141
phase08-live-hls-30min-20260718,38,1784366407.854,194.81,steady_state,4.0,2510.0,16303.0,15.0,24600.469,37.32,2130.944,13.6,141
phase08-live-hls-30min-20260718,39,1784366412.397,199.353,steady_state,12.0,2510.0,16303.0,10.0,24559.887,40.13,2131.968,13.6,141
phase08-live-hls-30min-20260718,40,1784366417.86,204.816,steady_state,4.0,2510.0,16303.0,10.3,24623.707,35.25,2129.92,13.59,141
phase08-live-hls-30min-20260718,41,1784366422.402,209.358,steady_state,26.0,2493.0,16303.0,5.2,24548.469,43.8,2130.944,13.6,141
phase08-live-hls-30min-20260718,42,1784366427.871,214.827,steady_state,13.0,2484.0,16303.0,6.6,24549.121,46.06,2134.016,13.62,141
phase08-live-hls-30min-20260718,43,1784366432.42,219.377,steady_state,13.0,2484.0,16303.0,5.0,24503.691,43.6,2129.92,13.59,141
phase08-live-hls-30min-20260718,44,1784366437.885,224.842,steady_state,13.0,2484.0,16303.0,6.0,24496.762,42.37,2134.016,13.62,141
phase08-live-hls-30min-20260718,45,1784366442.415,229.371,steady_state,13.0,2484.0,16303.0,3.4,24510.773,43.3,2130.944,13.6,141
phase08-live-hls-30min-20260718,46,1784366447.882,234.839,steady_state,24.0,2485.0,16303.0,6.7,24501.348,44.8,2132.992,13.61,141
phase08-live-hls-30min-20260718,47,1784366452.403,239.36,steady_state,15.0,2485.0,16303.0,20.7,24506.215,43.41,2129.92,13.59,141
phase08-live-hls-30min-20260718,48,1784366457.891,244.848,steady_state,14.0,2485.0,16303.0,28.3,24615.371,42.55,2132.992,13.61,141
phase08-live-hls-30min-20260718,49,1784366462.445,249.401,steady_state,15.0,2485.0,16303.0,22.1,24419.684,42.23,2129.92,13.59,141
phase08-live-hls-30min-20260718,50,1784366467.91,254.867,steady_state,14.0,2485.0,16303.0,31.7,24423.859,43.7,2134.016,13.62,141
phase08-live-hls-30min-20260718,51,1784366472.425,259.382,steady_state,15.0,2485.0,16303.0,8.5,24477.559,42.96,2129.92,13.59,141
phase08-live-hls-30min-20260718,52,1784366477.925,264.881,steady_state,14.0,2485.0,16303.0,21.7,24533.535,42.96,2134.016,13.62,141
phase08-live-hls-30min-20260718,53,1784366482.428,269.384,steady_state,17.0,2485.0,16303.0,25.4,24497.57,43.95,2130.944,13.6,141
phase08-live-hls-30min-20260718,54,1784366487.926,274.883,steady_state,18.0,2485.0,16303.0,26.2,24547.5,42.63,2134.016,13.62,141
phase08-live-hls-30min-20260718,55,1784366492.422,279.379,steady_state,18.0,2485.0,16303.0,15.0,24508.738,42.84,2129.92,13.59,141
phase08-live-hls-30min-20260718,56,1784366497.936,284.893,steady_state,19.0,2485.0,16303.0,11.1,24531.352,45.36,2134.016,13.62,141
phase08-live-hls-30min-20260718,57,1784366502.44,289.397,steady_state,18.0,2486.0,16303.0,16.7,24532.031,44.3,2129.92,13.59,141
phase08-live-hls-30min-20260718,58,1784366507.96,294.916,steady_state,15.0,2486.0,16303.0,33.3,24521.512,42.87,2134.016,13.62,141
phase08-live-hls-30min-20260718,59,1784366512.423,299.379,steady_state,18.0,2486.0,16303.0,14.0,24491.102,43.53,2129.92,13.59,141
phase08-live-hls-30min-20260718,60,1784366517.972,304.928,steady_state,18.0,2486.0,16303.0,16.4,24516.535,43.12,2134.016,13.62,141
phase08-live-hls-30min-20260718,61,1784366522.439,309.395,steady_state,20.0,2486.0,16303.0,17.4,24494.93,43.03,2130.944,13.59,141
phase08-live-hls-30min-20260718,62,1784366527.979,314.936,steady_state,19.0,2486.0,16303.0,29.4,24507.316,45.79,2132.992,13.61,141
phase08-live-hls-30min-20260718,63,1784366532.429,319.385,steady_state,20.0,2486.0,16303.0,13.8,24526.363,42.85,2129.92,13.59,141
phase08-live-hls-30min-20260718,64,1784366537.973,324.93,steady_state,20.0,2486.0,16303.0,18.8,24520.789,40.63,2134.016,13.62,141
phase08-live-hls-30min-20260718,65,1784366542.423,329.379,steady_state,20.0,2486.0,16303.0,6.7,24491.035,43.18,2130.944,13.6,141
phase08-live-hls-30min-20260718,66,1784366547.99,334.946,steady_state,21.0,2486.0,16303.0,27.2,24470.5,44.09,2134.016,13.61,141
phase08-live-hls-30min-20260718,67,1784366552.417,339.374,steady_state,21.0,2486.0,16303.0,14.8,24510.648,42.99,2129.92,13.59,141
phase08-live-hls-30min-20260718,68,1784366557.997,344.954,steady_state,21.0,2486.0,16303.0,11.7,24508.258,46.99,2134.016,13.62,141
phase08-live-hls-30min-20260718,69,1784366562.423,349.38,steady_state,21.0,2486.0,16303.0,6.1,24468.41,45.67,2129.92,13.59,141
phase08-live-hls-30min-20260718,70,1784366568.011,354.967,steady_state,35.0,2487.0,16303.0,5.0,24531.668,45.33,2134.016,13.62,141
phase08-live-hls-30min-20260718,71,1784366572.432,359.389,steady_state,22.0,2487.0,16303.0,7.4,24474.629,42.03,2129.92,13.59,141
phase08-live-hls-30min-20260718,72,1784366578.007,364.963,steady_state,22.0,2487.0,16303.0,53.8,24502.027,40.33,2129.92,13.59,141
phase08-live-hls-30min-20260718,73,1784366582.427,369.384,steady_state,22.0,2487.0,16303.0,10.6,24473.504,40.21,2132.992,13.61,141
phase08-live-hls-30min-20260718,74,1784366588.001,374.957,steady_state,22.0,2487.0,16303.0,6.9,24511.152,39.77,2130.944,13.59,141
phase08-live-hls-30min-20260718,75,1784366592.411,379.368,steady_state,22.0,2487.0,16303.0,33.3,24470.379,49.74,2131.968,13.6,141
phase08-live-hls-30min-20260718,76,1784366598.022,384.979,steady_state,22.0,2487.0,16303.0,15.9,24484.07,47.37,2132.992,13.61,141
phase08-live-hls-30min-20260718,77,1784366602.403,389.36,steady_state,20.0,2487.0,16303.0,11.9,24511.73,42.37,2130.944,13.6,141
phase08-live-hls-30min-20260718,78,1784366608.032,394.988,steady_state,22.0,2487.0,16303.0,9.3,24521.105,45.29,2131.968,13.61,141
phase08-live-hls-30min-20260718,79,1784366612.427,399.383,steady_state,23.0,2487.0,16303.0,12.9,24464.523,44.59,2129.92,13.59,141
phase08-live-hls-30min-20260718,80,1784366618.036,404.992,steady_state,23.0,2487.0,16303.0,26.0,24491.023,39.25,2132.992,13.61,141
phase08-live-hls-30min-20260718,81,1784366622.462,409.418,steady_state,23.0,2489.0,16303.0,5.3,24494.102,45.85,2130.944,13.6,141
phase08-live-hls-30min-20260718,82,1784366628.032,414.989,steady_state,22.0,2489.0,16303.0,11.7,24502.934,38.61,2130.944,13.6,141
phase08-live-hls-30min-20260718,83,1784366632.421,419.378,steady_state,23.0,2489.0,16303.0,38.7,24597.484,38.77,2132.992,13.61,141
phase08-live-hls-30min-20260718,84,1784366638.05,425.007,steady_state,23.0,2489.0,16303.0,16.1,24630.57,38.34,2129.92,13.59,141
phase08-live-hls-30min-20260718,85,1784366642.411,429.368,steady_state,23.0,2489.0,16303.0,30.0,24549.859,49.33,2132.992,13.61,141
phase08-live-hls-30min-20260718,86,1784366648.061,435.018,steady_state,23.0,2489.0,16303.0,16.1,24513.75,48.42,2135.04,13.62,141
phase08-live-hls-30min-20260718,87,1784366652.43,439.387,steady_state,13.0,2489.0,16303.0,9.0,24542.117,45.02,2131.968,13.6,141
phase08-live-hls-30min-20260718,88,1784366658.076,445.032,steady_state,13.0,2489.0,16303.0,16.4,24523.047,47.05,2134.016,13.61,141
phase08-live-hls-30min-20260718,89,1784366662.432,449.389,steady_state,13.0,2489.0,16303.0,18.4,24525.016,45.68,2131.968,13.6,141
phase08-live-hls-30min-20260718,90,1784366668.094,455.051,steady_state,13.0,2489.0,16303.0,21.7,24405.801,45.31,2134.016,13.62,141
phase08-live-hls-30min-20260718,91,1784366672.438,459.395,steady_state,24.0,2489.0,16303.0,8.9,24432.305,42.01,2130.944,13.6,141
phase08-live-hls-30min-20260718,92,1784366678.09,465.046,steady_state,13.0,2489.0,16303.0,30.9,24432.523,43.12,2134.016,13.62,141
phase08-live-hls-30min-20260718,93,1784366682.438,469.394,steady_state,13.0,2489.0,16303.0,7.3,24397.633,41.98,2130.944,13.6,141
phase08-live-hls-30min-20260718,94,1784366688.11,475.066,steady_state,13.0,2490.0,16303.0,29.9,24442.223,43.06,2135.04,13.62,141
phase08-live-hls-30min-20260718,95,1784366692.43,479.386,steady_state,13.0,2490.0,16303.0,17.8,24422.883,42.05,2131.968,13.6,141
phase08-live-hls-30min-20260718,96,1784366698.107,485.063,steady_state,14.0,2490.0,16303.0,8.2,24340.859,39.55,2131.968,13.6,141
phase08-live-hls-30min-20260718,97,1784366702.434,489.391,steady_state,13.0,2490.0,16303.0,10.0,24334.168,37.77,2135.04,13.62,141
phase08-live-hls-30min-20260718,98,1784366708.122,495.078,steady_state,14.0,2490.0,16303.0,14.8,24390.086,42.29,2130.944,13.6,141
phase08-live-hls-30min-20260718,99,1784366712.445,499.401,steady_state,14.0,2490.0,16303.0,14.8,24364.543,50.99,2132.992,13.61,141
phase08-live-hls-30min-20260718,100,1784366718.139,505.096,steady_state,14.0,2490.0,16303.0,11.7,24312.883,47.65,2135.04,13.62,141
phase08-live-hls-30min-20260718,101,1784366722.461,509.417,steady_state,14.0,2490.0,16303.0,17.2,24377.121,46.68,2131.968,13.6,141
phase08-live-hls-30min-20260718,102,1784366728.136,515.092,steady_state,14.0,2490.0,16303.0,8.5,24433.07,43.46,2131.968,13.6,141
phase08-live-hls-30min-20260718,103,1784366732.418,519.374,steady_state,5.0,2490.0,16303.0,21.1,24427.105,35.48,2130.944,13.6,141
phase08-live-hls-30min-20260718,104,1784366738.149,525.105,steady_state,14.0,2490.0,16303.0,6.0,24357.527,36.05,2130.944,13.6,141
phase08-live-hls-30min-20260718,105,1784366742.436,529.392,steady_state,14.0,2491.0,16303.0,6.9,24348.902,48.79,2132.992,13.61,141
phase08-live-hls-30min-20260718,106,1784366748.146,535.102,steady_state,14.0,2379.0,16303.0,10.8,24370.293,45.93,2136.064,13.63,141
phase08-live-hls-30min-20260718,107,1784366752.469,539.425,steady_state,14.0,2379.0,16303.0,10.7,24320.027,42.18,2131.968,13.6,141
phase08-live-hls-30min-20260718,108,1784366758.148,545.105,steady_state,14.0,2379.0,16303.0,21.7,24340.285,41.01,2134.016,13.62,141
phase08-live-hls-30min-20260718,109,1784366762.451,549.407,steady_state,14.0,2379.0,16303.0,2.0,24384.242,42.81,2130.944,13.6,141
phase08-live-hls-30min-20260718,110,1784366768.161,555.117,steady_state,14.0,2379.0,16303.0,14.0,24385.508,43.98,2135.04,13.63,141
phase08-live-hls-30min-20260718,111,1784366772.441,559.398,steady_state,14.0,2379.0,16303.0,10.7,24295.051,43.35,2130.944,13.6,141
phase08-live-hls-30min-20260718,112,1784366778.185,565.141,steady_state,15.0,2379.0,16303.0,9.1,24273.812,37.77,2132.992,13.61,141
phase08-live-hls-30min-20260718,113,1784366782.458,569.415,steady_state,16.0,2379.0,16303.0,7.1,24390.078,38.8,2135.04,13.62,141
phase08-live-hls-30min-20260718,114,1784366788.187,575.143,steady_state,16.0,2379.0,16303.0,8.0,24404.016,36.14,2130.944,13.6,141
phase08-live-hls-30min-20260718,115,1784366792.45,579.407,steady_state,15.0,2379.0,16303.0,6.3,24361.387,48.85,2130.944,13.6,141
phase08-live-hls-30min-20260718,116,1784366798.191,585.147,steady_state,16.0,2379.0,16303.0,15.8,24355.965,47.22,2135.04,13.63,141
phase08-live-hls-30min-20260718,117,1784366802.458,589.414,steady_state,16.0,2379.0,16303.0,10.0,24414.352,43.65,2130.944,13.6,141
phase08-live-hls-30min-20260718,118,1784366808.208,595.165,steady_state,17.0,2381.0,16303.0,12.1,24371.133,38.14,2132.992,13.61,141
phase08-live-hls-30min-20260718,119,1784366812.452,599.409,steady_state,31.0,2381.0,16303.0,21.6,24358.723,40.32,2135.04,13.62,141
phase08-live-hls-30min-20260718,120,1784366818.215,605.172,steady_state,16.0,2381.0,16303.0,19.0,24468.98,37.57,2130.944,13.6,141
phase08-live-hls-30min-20260718,121,1784366822.446,609.402,steady_state,16.0,2381.0,16303.0,26.2,24345.086,49.8,2132.992,13.61,141
phase08-live-hls-30min-20260718,122,1784366828.237,615.194,steady_state,17.0,2381.0,16303.0,31.1,24494.656,46.14,2135.04,13.62,141
phase08-live-hls-30min-20260718,123,1784366832.418,619.375,steady_state,29.0,2381.0,16303.0,12.9,24434.914,42.45,2130.944,13.6,141
phase08-live-hls-30min-20260718,124,1784366838.23,625.186,steady_state,18.0,2381.0,16303.0,28.1,24386.578,46.76,2136.064,13.63,141
phase08-live-hls-30min-20260718,125,1784366842.451,629.407,steady_state,20.0,2381.0,16303.0,16.4,24415.504,44.86,2130.944,13.6,141
phase08-live-hls-30min-20260718,126,1784366848.244,635.2,steady_state,30.0,2381.0,16303.0,16.4,24510.074,48.69,2135.04,13.62,141
phase08-live-hls-30min-20260718,127,1784366852.423,639.38,steady_state,19.0,2381.0,16303.0,14.1,24516.359,45.49,2130.944,13.6,141
phase08-live-hls-30min-20260718,128,1784366858.249,645.205,steady_state,21.0,2381.0,16303.0,12.3,24489.762,45.35,2135.04,13.62,141
phase08-live-hls-30min-20260718,129,1784366862.446,649.403,steady_state,20.0,2383.0,16303.0,18.1,24531.137,43.42,2130.944,13.6,141
phase08-live-hls-30min-20260718,130,1784366868.26,655.217,steady_state,21.0,2383.0,16303.0,15.4,24526.02,36.54,2134.016,13.62,141
phase08-live-hls-30min-20260718,131,1784366872.441,659.397,steady_state,21.0,2383.0,16303.0,18.0,24476.848,45.48,2129.92,13.59,141
phase08-live-hls-30min-20260718,132,1784366878.279,665.235,steady_state,21.0,2383.0,16303.0,32.4,24420.859,47.85,2134.016,13.62,141
phase08-live-hls-30min-20260718,133,1784366882.45,669.407,steady_state,21.0,2383.0,16303.0,5.9,24465.242,44.64,2130.944,13.6,141
phase08-live-hls-30min-20260718,134,1784366888.287,675.244,steady_state,22.0,2383.0,16303.0,12.1,24463.262,40.01,2132.992,13.61,141
phase08-live-hls-30min-20260718,135,1784366892.452,679.408,steady_state,34.0,2383.0,16303.0,14.5,24374.867,38.63,2131.968,13.6,141
phase08-live-hls-30min-20260718,136,1784366898.298,685.254,steady_state,23.0,2383.0,16303.0,27.7,24420.434,38.49,2131.968,13.6,141
phase08-live-hls-30min-20260718,137,1784366902.441,689.397,steady_state,23.0,2383.0,16303.0,11.3,24395.09,50.2,2134.016,13.62,141
phase08-live-hls-30min-20260718,138,1784366908.296,695.253,steady_state,23.0,2383.0,16303.0,14.8,24392.156,48.86,2135.04,13.62,141
phase08-live-hls-30min-20260718,139,1784366912.45,699.406,steady_state,38.0,2383.0,16303.0,5.2,24354.914,43.02,2130.944,13.6,141
phase08-live-hls-30min-20260718,140,1784366918.306,705.263,steady_state,24.0,2383.0,16303.0,18.2,24429.754,37.87,2132.992,13.61,141
phase08-live-hls-30min-20260718,141,1784366922.445,709.401,steady_state,23.0,2383.0,16303.0,21.3,24377.527,38.63,2134.016,13.62,141
phase08-live-hls-30min-20260718,142,1784366928.31,715.266,steady_state,23.0,2384.0,16303.0,16.4,24389.852,35.71,2130.944,13.6,141
phase08-live-hls-30min-20260718,143,1784366932.435,719.392,steady_state,24.0,2384.0,16303.0,8.1,24415.0,49.29,2132.992,13.61,141
phase08-live-hls-30min-20260718,144,1784366938.319,725.275,steady_state,24.0,2384.0,16303.0,12.9,24412.609,42.97,2134.016,13.62,141
phase08-live-hls-30min-20260718,145,1784366942.444,729.4,steady_state,39.0,2384.0,16303.0,5.2,24380.312,42.15,2130.944,13.6,141
phase08-live-hls-30min-20260718,146,1784366948.327,735.283,steady_state,23.0,2384.0,16303.0,14.7,24407.84,35.85,2135.04,13.63,141
phase08-live-hls-30min-20260718,147,1784366952.443,739.399,steady_state,23.0,2384.0,16303.0,7.2,24440.305,43.21,2131.968,13.61,141
phase08-live-hls-30min-20260718,148,1784366958.335,745.291,steady_state,23.0,2384.0,16303.0,10.0,24382.844,39.09,2135.04,13.63,141
phase08-live-hls-30min-20260718,149,1784366962.439,749.395,steady_state,23.0,2384.0,16303.0,22.4,24393.023,46.04,2131.968,13.6,141
phase08-live-hls-30min-20260718,150,1784366968.341,755.297,steady_state,23.0,2384.0,16303.0,14.9,24380.902,38.73,2134.016,13.62,141
phase08-live-hls-30min-20260718,151,1784366972.453,759.41,steady_state,22.0,2384.0,16303.0,1.7,24101.59,44.99,2130.944,13.6,141
phase08-live-hls-30min-20260718,152,1784366978.341,765.298,steady_state,23.0,2384.0,16303.0,20.0,24063.477,38.46,2131.968,13.61,141
phase08-live-hls-30min-20260718,153,1784366982.438,769.394,steady_state,23.0,2385.0,16303.0,28.3,24048.875,47.88,2134.016,13.62,141
phase08-live-hls-30min-20260718,154,1784366988.353,775.309,steady_state,23.0,2385.0,16303.0,3.6,24077.047,35.71,2130.944,13.6,141
phase08-live-hls-30min-20260718,155,1784366992.434,779.391,steady_state,13.0,2385.0,16303.0,11.9,24029.426,47.71,2131.968,13.61,141
phase08-live-hls-30min-20260718,156,1784366998.364,785.321,steady_state,13.0,2385.0,16303.0,33.3,24138.332,47.99,2134.016,13.62,141
phase08-live-hls-30min-20260718,157,1784367002.436,789.393,steady_state,12.0,2385.0,16303.0,20.0,24047.965,44.23,2131.968,13.6,141
phase08-live-hls-30min-20260718,158,1784367008.362,795.318,steady_state,11.0,2385.0,16303.0,29.6,24066.047,37.22,2131.968,13.6,141
phase08-live-hls-30min-20260718,159,1784367012.454,799.41,steady_state,12.0,2385.0,16303.0,13.3,24022.121,38.85,2134.016,13.62,141
phase08-live-hls-30min-20260718,160,1784367018.376,805.332,steady_state,12.0,2385.0,16303.0,26.4,24010.852,39.17,2130.944,13.6,141
phase08-live-hls-30min-20260718,161,1784367022.484,809.441,steady_state,13.0,2385.0,16303.0,13.7,23994.809,47.1,2132.992,13.61,141
phase08-live-hls-30min-20260718,162,1784367028.381,815.337,steady_state,11.0,2385.0,16303.0,13.3,24127.02,47.45,2136.064,13.63,141
phase08-live-hls-30min-20260718,163,1784367032.473,819.43,steady_state,13.0,2385.0,16303.0,18.3,24115.773,42.59,2131.968,13.6,141
phase08-live-hls-30min-20260718,164,1784367038.386,825.342,steady_state,13.0,2385.0,16303.0,19.7,24100.242,36.43,2136.064,13.63,141
phase08-live-hls-30min-20260718,165,1784367042.432,829.388,steady_state,13.0,2385.0,16303.0,7.4,24046.238,44.36,2131.968,13.6,141
phase08-live-hls-30min-20260718,166,1784367048.385,835.341,steady_state,13.0,2387.0,16303.0,16.4,24116.598,35.18,2131.968,13.6,141
phase08-live-hls-30min-20260718,167,1784367052.457,839.414,steady_state,13.0,2387.0,16303.0,5.3,24050.633,46.77,2134.016,13.62,141
phase08-live-hls-30min-20260718,168,1784367058.391,845.348,steady_state,22.0,2387.0,16303.0,23.3,24059.531,47.84,2135.04,13.62,141
phase08-live-hls-30min-20260718,169,1784367062.456,849.412,steady_state,11.0,2387.0,16303.0,9.9,24078.844,40.26,2130.944,13.6,141
phase08-live-hls-30min-20260718,170,1784367068.392,855.348,steady_state,13.0,2387.0,16303.0,11.5,24079.488,39.33,2134.016,13.62,141
phase08-live-hls-30min-20260718,171,1784367072.464,859.42,steady_state,13.0,2387.0,16303.0,10.9,24001.766,45.1,2130.944,13.6,141
phase08-live-hls-30min-20260718,172,1784367078.398,865.354,steady_state,22.0,2387.0,16303.0,11.7,24046.145,37.53,2135.04,13.63,141
phase08-live-hls-30min-20260718,173,1784367082.459,869.415,steady_state,11.0,2387.0,16303.0,16.9,23968.891,41.38,2131.968,13.6,141
phase08-live-hls-30min-20260718,174,1784367088.404,875.361,steady_state,22.0,2387.0,16303.0,14.0,23979.355,37.77,2134.016,13.62,141
phase08-live-hls-30min-20260718,175,1784367092.458,879.415,steady_state,14.0,2387.0,16303.0,0.0,23997.902,45.1,2130.944,13.6,141
phase08-live-hls-30min-20260718,176,1784367098.408,885.364,steady_state,13.0,2387.0,16303.0,13.3,24043.719,38.87,2131.968,13.6,141
phase08-live-hls-30min-20260718,177,1784367102.467,889.423,steady_state,15.0,2388.0,16303.0,16.2,24050.648,42.29,2135.04,13.62,141
phase08-live-hls-30min-20260718,178,1784367108.425,895.381,steady_state,15.0,2388.0,16303.0,21.0,24090.168,39.75,2130.944,13.6,141
phase08-live-hls-30min-20260718,179,1784367112.447,899.403,steady_state,12.0,2388.0,16303.0,25.4,24018.578,46.96,2130.944,13.6,141
phase08-live-hls-30min-20260718,180,1784367118.438,905.395,steady_state,14.0,2388.0,16303.0,19.7,24067.039,36.3,2134.016,13.62,141
phase08-live-hls-30min-20260718,181,1784367122.474,909.431,steady_state,14.0,2388.0,16303.0,19.0,24042.055,42.76,2130.944,13.6,141
phase08-live-hls-30min-20260718,182,1784367128.443,915.399,steady_state,14.0,2388.0,16303.0,16.0,24041.93,36.75,2131.968,13.6,141
phase08-live-hls-30min-20260718,183,1784367132.471,919.428,steady_state,15.0,2388.0,16303.0,4.7,24057.566,37.67,2135.04,13.62,141
phase08-live-hls-30min-20260718,184,1784367138.457,925.414,steady_state,15.0,2388.0,16303.0,5.0,24050.07,36.06,2130.944,13.6,141
phase08-live-hls-30min-20260718,185,1784367142.456,929.413,steady_state,16.0,2388.0,16303.0,0.0,24009.355,45.96,2131.968,13.61,141
phase08-live-hls-30min-20260718,186,1784367148.461,935.418,steady_state,18.0,2388.0,16303.0,4.8,24060.137,46.91,2134.016,13.62,141
phase08-live-hls-30min-20260718,187,1784367152.461,939.418,steady_state,19.0,2388.0,16303.0,3.4,24046.27,42.79,2130.944,13.6,141
phase08-live-hls-30min-20260718,188,1784367157.469,944.425,steady_state,18.0,2388.0,16303.0,11.7,24060.371,46.8,2137.088,13.64,141
phase08-live-hls-30min-20260718,189,1784367162.471,949.427,steady_state,19.0,2388.0,16303.0,3.2,24023.0,44.69,2132.992,13.61,141
phase08-live-hls-30min-20260718,190,1784367168.478,955.434,steady_state,21.0,2389.0,16303.0,6.7,24090.336,40.16,2134.016,13.62,141
phase08-live-hls-30min-20260718,191,1784367172.459,959.416,steady_state,18.0,2389.0,16303.0,4.9,24052.055,45.2,2131.968,13.6,141
phase08-live-hls-30min-20260718,192,1784367177.502,964.458,steady_state,18.0,2389.0,16303.0,18.4,24129.23,48.94,2132.992,13.61,141
phase08-live-hls-30min-20260718,193,1784367182.46,969.417,steady_state,18.0,2389.0,16303.0,17.9,24147.113,42.05,2134.016,13.62,141
phase08-live-hls-30min-20260718,194,1784367187.502,974.459,steady_state,19.0,2389.0,16303.0,32.8,24084.945,43.41,2131.968,13.6,141
phase08-live-hls-30min-20260718,195,1784367192.476,979.433,steady_state,20.0,2389.0,16303.0,18.3,24025.852,51.6,2134.016,13.61,141
phase08-live-hls-30min-20260718,196,1784367197.504,984.46,steady_state,15.0,2389.0,16303.0,12.7,23994.938,37.44,2134.016,13.62,141
phase08-live-hls-30min-20260718,197,1784367202.487,989.443,steady_state,21.0,2389.0,16303.0,21.7,24052.656,44.39,2130.944,13.6,141
phase08-live-hls-30min-20260718,198,1784367207.53,994.486,steady_state,22.0,2389.0,16303.0,19.0,24114.688,45.23,2132.992,13.61,141
phase08-live-hls-30min-20260718,199,1784367212.475,999.432,steady_state,22.0,2389.0,16303.0,17.5,24098.0,47.11,2136.064,13.63,141
phase08-live-hls-30min-20260718,200,1784367217.523,1004.48,steady_state,22.0,2389.0,16303.0,10.3,24136.566,44.75,2131.968,13.6,141
phase08-live-hls-30min-20260718,201,1784367222.462,1009.419,steady_state,14.0,2390.0,16303.0,16.7,24122.684,45.71,2134.016,13.62,141
phase08-live-hls-30min-20260718,202,1784367227.546,1014.503,steady_state,12.0,2394.0,16303.0,10.9,24092.656,47.07,2135.04,13.63,141
phase08-live-hls-30min-20260718,203,1784367232.47,1019.427,steady_state,14.0,2394.0,16303.0,7.4,24120.844,44.86,2131.968,13.6,141
phase08-live-hls-30min-20260718,204,1784367237.534,1024.491,steady_state,28.0,2394.0,16303.0,16.9,24076.609,49.17,2132.992,13.61,141
phase08-live-hls-30min-20260718,205,1784367242.448,1029.405,steady_state,12.0,2394.0,16303.0,10.0,24030.336,42.51,2134.016,13.62,141
phase08-live-hls-30min-20260718,206,1784367247.559,1034.515,steady_state,13.0,2394.0,16303.0,25.4,24046.934,43.45,2130.944,13.6,141
phase08-live-hls-30min-20260718,207,1784367252.47,1039.427,steady_state,4.0,2394.0,16303.0,23.6,24048.102,46.14,2132.992,13.61,141
phase08-live-hls-30min-20260718,208,1784367257.564,1044.521,steady_state,13.0,2394.0,16303.0,16.9,24045.395,48.2,2136.064,13.63,141
phase08-live-hls-30min-20260718,209,1784367262.46,1049.417,steady_state,12.0,2394.0,16303.0,13.6,24020.922,42.83,2131.968,13.6,141
phase08-live-hls-30min-20260718,210,1784367267.567,1054.524,steady_state,12.0,2394.0,16303.0,18.8,24102.797,47.61,2132.992,13.61,141
phase08-live-hls-30min-20260718,211,1784367272.453,1059.409,steady_state,12.0,2395.0,16303.0,4.7,24044.285,48.37,2132.992,13.61,141
phase08-live-hls-30min-20260718,212,1784367277.576,1064.532,steady_state,23.0,2395.0,16303.0,21.0,24073.145,36.23,2131.968,13.6,141
phase08-live-hls-30min-20260718,213,1784367282.465,1069.422,steady_state,12.0,2396.0,16303.0,10.9,24050.035,45.24,2131.968,13.61,141
phase08-live-hls-30min-20260718,214,1784367287.59,1074.546,steady_state,12.0,2396.0,16303.0,6.9,24113.387,44.31,2132.992,13.61,141
phase08-live-hls-30min-20260718,215,1784367292.489,1079.446,steady_state,22.0,2396.0,16303.0,9.9,24062.785,50.26,2136.064,13.63,141
phase08-live-hls-30min-20260718,216,1784367297.593,1084.55,steady_state,12.0,2396.0,16303.0,3.0,24038.23,45.5,2131.968,13.6,141
phase08-live-hls-30min-20260718,217,1784367302.45,1089.406,steady_state,12.0,2396.0,16303.0,8.1,24094.586,51.66,2132.992,13.61,141
phase08-live-hls-30min-20260718,218,1784367307.596,1094.553,steady_state,12.0,2396.0,16303.0,13.8,24120.156,42.46,2136.064,13.63,141
phase08-live-hls-30min-20260718,219,1784367312.476,1099.432,steady_state,22.0,2396.0,16303.0,12.5,24057.023,43.04,2131.968,13.6,141
phase08-live-hls-30min-20260718,220,1784367317.617,1104.574,steady_state,12.0,2396.0,16303.0,20.0,24072.922,46.81,2131.968,13.61,141
phase08-live-hls-30min-20260718,221,1784367322.466,1109.422,steady_state,4.0,2420.0,16303.0,6.0,24064.27,34.8,2134.016,13.62,141
phase08-live-hls-30min-20260718,222,1784367327.619,1114.575,steady_state,5.0,2428.0,16303.0,10.0,24226.059,32.99,2131.968,13.6,141
phase08-live-hls-30min-20260718,223,1784367332.485,1119.441,steady_state,15.0,2428.0,16303.0,6.5,24170.441,46.96,2130.944,13.6,141
phase08-live-hls-30min-20260718,224,1784367337.627,1124.584,steady_state,15.0,2428.0,16303.0,23.3,24141.457,47.56,2135.04,13.62,141
phase08-live-hls-30min-20260718,225,1784367342.474,1129.431,steady_state,15.0,2428.0,16303.0,37.2,24072.145,42.81,2130.944,13.6,141
phase08-live-hls-30min-20260718,226,1784367347.624,1134.581,steady_state,5.0,2429.0,16303.0,13.2,24167.859,42.02,2132.992,13.61,141
phase08-live-hls-30min-20260718,227,1784367352.483,1139.439,steady_state,5.0,2429.0,16303.0,10.0,24148.418,45.81,2135.04,13.62,141
phase08-live-hls-30min-20260718,228,1784367357.641,1144.597,steady_state,5.0,2429.0,16303.0,6.2,24125.09,32.63,2130.944,13.6,141
phase08-live-hls-30min-20260718,229,1784367362.463,1149.42,steady_state,16.0,2429.0,16303.0,21.4,24100.246,44.84,2132.992,13.61,141
phase08-live-hls-30min-20260718,230,1784367367.642,1154.598,steady_state,15.0,2429.0,16303.0,15.4,24160.707,45.05,2136.064,13.63,141
phase08-live-hls-30min-20260718,231,1784367372.459,1159.416,steady_state,16.0,2429.0,16303.0,1.9,24117.578,44.24,2131.968,13.6,141
phase08-live-hls-30min-20260718,232,1784367377.648,1164.604,steady_state,5.0,2429.0,16303.0,16.7,24122.707,43.18,2135.04,13.63,141
phase08-live-hls-30min-20260718,233,1784367382.467,1169.424,steady_state,15.0,2429.0,16303.0,16.1,24186.168,43.61,2131.968,13.6,141
phase08-live-hls-30min-20260718,234,1784367387.664,1174.62,steady_state,5.0,2424.0,16303.0,39.1,24312.32,43.5,2135.04,13.62,141
phase08-live-hls-30min-20260718,235,1784367392.468,1179.424,steady_state,13.0,2410.0,16303.0,11.3,24327.727,43.33,2130.944,13.6,141
phase08-live-hls-30min-20260718,236,1784367397.674,1184.631,steady_state,32.0,2404.0,16303.0,61.3,24282.0,44.0,2132.992,13.61,141
phase08-live-hls-30min-20260718,237,1784367402.508,1189.464,steady_state,15.0,2406.0,16303.0,11.7,24262.645,37.61,2135.04,13.62,141
phase08-live-hls-30min-20260718,238,1784367407.684,1194.641,steady_state,14.0,2406.0,16303.0,18.3,24267.234,38.58,2130.944,13.6,141
phase08-live-hls-30min-20260718,239,1784367412.525,1199.482,steady_state,22.0,2406.0,16303.0,1.9,24289.504,47.5,2131.968,13.61,141
phase08-live-hls-30min-20260718,240,1784367417.694,1204.651,steady_state,16.0,2406.0,16303.0,20.7,24218.164,39.69,2136.064,13.63,141
phase08-live-hls-30min-20260718,241,1784367422.503,1209.459,steady_state,16.0,2406.0,16303.0,11.8,24182.629,44.21,2131.968,13.61,141
phase08-live-hls-30min-20260718,242,1784367427.709,1214.665,steady_state,14.0,2406.0,16303.0,47.3,24195.855,45.96,2132.992,13.61,141
phase08-live-hls-30min-20260718,243,1784367432.509,1219.465,steady_state,21.0,2406.0,16303.0,21.7,24242.172,48.62,2135.04,13.62,141
phase08-live-hls-30min-20260718,244,1784367437.708,1224.664,steady_state,20.0,2408.0,16303.0,11.6,24206.535,33.38,2131.968,13.6,141
phase08-live-hls-30min-20260718,245,1784367442.493,1229.449,steady_state,18.0,2417.0,16303.0,24.1,24187.852,47.05,2132.992,13.61,141
phase08-live-hls-30min-20260718,246,1784367447.723,1234.68,steady_state,19.0,2421.0,16303.0,8.3,24193.309,52.55,2135.04,13.63,141
phase08-live-hls-30min-20260718,247,1784367452.465,1239.421,steady_state,16.0,2405.0,16303.0,20.9,24251.32,42.48,2130.944,13.6,141
phase08-live-hls-30min-20260718,248,1784367457.738,1244.694,steady_state,20.0,2405.0,16303.0,18.6,24235.074,45.73,2132.992,13.61,141
phase08-live-hls-30min-20260718,249,1784367462.494,1249.451,steady_state,20.0,2405.0,16303.0,17.5,24196.492,49.8,2136.064,13.63,141
phase08-live-hls-30min-20260718,250,1784367467.743,1254.699,steady_state,22.0,2406.0,16303.0,27.3,24243.004,38.9,2130.944,13.6,141
phase08-live-hls-30min-20260718,251,1784367472.508,1259.465,steady_state,18.0,2406.0,16303.0,20.3,24243.281,48.79,2132.992,13.61,141
phase08-live-hls-30min-20260718,252,1784367477.745,1264.701,steady_state,6.0,2422.0,16303.0,22.0,24206.793,42.88,2136.064,13.63,141
phase08-live-hls-30min-20260718,253,1784367482.479,1269.435,steady_state,17.0,2407.0,16303.0,22.2,24249.977,45.49,2130.944,13.6,141
phase08-live-hls-30min-20260718,254,1784367487.759,1274.715,steady_state,17.0,2407.0,16303.0,5.3,24241.262,42.21,2134.016,13.61,141
phase08-live-hls-30min-20260718,255,1784367492.477,1279.434,steady_state,16.0,2411.0,16303.0,12.7,24195.215,46.14,2136.064,13.63,141
phase08-live-hls-30min-20260718,256,1784367497.758,1284.715,steady_state,13.0,2411.0,16303.0,25.9,24175.664,37.91,2131.968,13.6,141
phase08-live-hls-30min-20260718,257,1784367502.509,1289.466,steady_state,16.0,2419.0,16303.0,9.9,24219.176,44.57,2131.968,13.61,141
phase08-live-hls-30min-20260718,258,1784367507.768,1294.725,steady_state,23.0,2421.0,16303.0,9.3,24202.395,50.77,2134.016,13.62,141
phase08-live-hls-30min-20260718,259,1784367512.498,1299.454,steady_state,20.0,2411.0,16303.0,8.9,24192.633,43.48,2130.944,13.6,141
phase08-live-hls-30min-20260718,260,1784367517.783,1304.74,steady_state,13.0,2411.0,16303.0,3.4,24238.758,44.79,2132.992,13.61,141
phase08-live-hls-30min-20260718,261,1784367522.489,1309.445,steady_state,19.0,2422.0,16303.0,10.0,24191.664,47.13,2135.04,13.62,141
phase08-live-hls-30min-20260718,262,1784367527.787,1314.743,steady_state,20.0,2420.0,16303.0,12.7,24200.469,38.85,2131.968,13.6,141
phase08-live-hls-30min-20260718,263,1784367532.53,1319.486,steady_state,10.0,2420.0,16303.0,23.3,24194.469,47.05,2132.992,13.61,141
phase08-live-hls-30min-20260718,264,1784367537.798,1324.755,steady_state,11.0,2422.0,16303.0,27.1,24236.082,47.01,2135.04,13.62,141
phase08-live-hls-30min-20260718,265,1784367542.474,1329.43,steady_state,13.0,2422.0,16303.0,10.5,24183.93,45.42,2131.968,13.6,141
phase08-live-hls-30min-20260718,266,1784367547.805,1334.761,steady_state,16.0,2420.0,16303.0,21.2,24212.441,45.05,2132.992,13.61,141
phase08-live-hls-30min-20260718,267,1784367552.476,1339.433,steady_state,10.0,2420.0,16303.0,22.7,24212.223,46.28,2135.04,13.63,141
phase08-live-hls-30min-20260718,268,1784367557.805,1344.762,steady_state,10.0,2420.0,16303.0,10.4,24184.855,38.04,2131.968,13.6,141
phase08-live-hls-30min-20260718,269,1784367562.472,1349.429,steady_state,20.0,2422.0,16303.0,21.9,24165.527,49.6,2131.968,13.61,141
phase08-live-hls-30min-20260718,270,1784367567.813,1354.77,steady_state,20.0,2420.0,16303.0,20.6,24313.727,48.58,2135.04,13.62,141
phase08-live-hls-30min-20260718,271,1784367572.499,1359.455,steady_state,18.0,2420.0,16303.0,8.6,24296.805,44.39,2130.944,13.6,141
phase08-live-hls-30min-20260718,272,1784367577.83,1364.786,steady_state,11.0,2422.0,16303.0,7.4,24304.594,43.51,2131.968,13.61,141
phase08-live-hls-30min-20260718,273,1784367582.488,1369.445,steady_state,13.0,2422.0,16303.0,0.0,24224.668,50.02,2132.992,13.61,141
phase08-live-hls-30min-20260718,274,1784367587.842,1374.798,steady_state,11.0,2421.0,16303.0,46.2,24296.887,49.47,2136.064,13.63,141
phase08-live-hls-30min-20260718,275,1784367592.498,1379.455,steady_state,23.0,2424.0,16303.0,14.9,24258.047,42.13,2130.944,13.6,141
phase08-live-hls-30min-20260718,276,1784367597.851,1384.807,steady_state,11.0,2421.0,16303.0,16.7,24234.438,43.19,2130.944,13.6,141
phase08-live-hls-30min-20260718,277,1784367602.496,1389.453,steady_state,13.0,2424.0,16303.0,6.7,24236.5,49.52,2136.064,13.63,141
phase08-live-hls-30min-20260718,278,1784367607.861,1394.817,steady_state,11.0,2421.0,16303.0,12.3,24259.5,38.28,2130.944,13.6,141
phase08-live-hls-30min-20260718,279,1784367612.498,1399.454,steady_state,11.0,2424.0,16303.0,18.5,24196.895,47.21,2131.968,13.61,141
phase08-live-hls-30min-20260718,280,1784367617.857,1404.814,steady_state,12.0,2421.0,16303.0,19.7,24206.691,46.91,2136.064,13.63,141
phase08-live-hls-30min-20260718,281,1784367622.5,1409.457,steady_state,11.0,2421.0,16303.0,5.0,24199.387,44.66,2131.968,13.6,141
phase08-live-hls-30min-20260718,282,1784367627.877,1414.834,steady_state,13.0,2424.0,16303.0,4.8,24235.457,45.0,2135.04,13.62,141
phase08-live-hls-30min-20260718,283,1784367632.481,1419.438,steady_state,11.0,2424.0,16303.0,5.9,24174.355,41.64,2131.968,13.6,141
phase08-live-hls-30min-20260718,284,1784367637.876,1424.833,steady_state,11.0,2424.0,16303.0,3.6,24262.523,43.85,2131.968,13.6,141
phase08-live-hls-30min-20260718,285,1784367642.479,1429.435,steady_state,11.0,2425.0,16303.0,7.8,24232.289,44.5,2134.016,13.62,141
phase08-live-hls-30min-20260718,286,1784367647.889,1434.846,steady_state,11.0,2422.0,16303.0,7.0,24226.172,35.85,2130.944,13.6,141
phase08-live-hls-30min-20260718,287,1784367652.494,1439.451,steady_state,14.0,2425.0,16303.0,8.6,24256.895,47.06,2131.968,13.61,141
phase08-live-hls-30min-20260718,288,1784367657.893,1444.85,steady_state,11.0,2422.0,16303.0,39.1,24233.258,33.58,2132.992,13.61,141
phase08-live-hls-30min-20260718,289,1784367662.483,1449.439,steady_state,12.0,2422.0,16303.0,20.0,24213.008,44.1,2131.968,13.61,141
phase08-live-hls-30min-20260718,290,1784367667.907,1454.863,steady_state,11.0,2425.0,16303.0,18.3,24239.648,35.35,2131.968,13.6,141
phase08-live-hls-30min-20260718,291,1784367672.507,1459.464,steady_state,12.0,2425.0,16303.0,9.2,24230.754,40.13,2136.064,13.63,141
phase08-live-hls-30min-20260718,292,1784367677.919,1464.875,steady_state,11.0,2425.0,16303.0,14.5,24244.148,36.16,2130.944,13.6,141
phase08-live-hls-30min-20260718,293,1784367682.487,1469.443,steady_state,13.0,2425.0,16303.0,7.7,24173.105,48.13,2132.992,13.61,141
phase08-live-hls-30min-20260718,294,1784367687.92,1474.877,steady_state,10.0,2425.0,16303.0,14.3,24254.277,44.93,2134.016,13.62,141
phase08-live-hls-30min-20260718,295,1784367692.495,1479.451,steady_state,11.0,2422.0,16303.0,9.7,24240.32,46.07,2130.944,13.6,141
phase08-live-hls-30min-20260718,296,1784367697.933,1484.89,steady_state,23.0,2425.0,16303.0,30.7,24273.492,39.37,2132.992,13.61,141
phase08-live-hls-30min-20260718,297,1784367702.479,1489.436,steady_state,11.0,2422.0,16303.0,40.0,24167.766,44.89,2136.064,13.63,141
phase08-live-hls-30min-20260718,298,1784367707.934,1494.891,steady_state,12.0,2426.0,16303.0,7.9,24247.398,40.03,2131.968,13.61,141
phase08-live-hls-30min-20260718,299,1784367712.498,1499.455,steady_state,10.0,2426.0,16303.0,23.2,24283.332,47.47,2132.992,13.61,141
phase08-live-hls-30min-20260718,300,1784367717.948,1504.904,steady_state,19.0,2426.0,16303.0,12.7,24295.48,47.24,2136.064,13.63,141
phase08-live-hls-30min-20260718,301,1784367722.509,1509.466,steady_state,11.0,2424.0,16303.0,13.1,24257.852,44.44,2132.992,13.61,141
phase08-live-hls-30min-20260718,302,1784367727.962,1514.919,steady_state,11.0,2428.0,16303.0,27.5,24375.75,37.14,2132.992,13.61,141
phase08-live-hls-30min-20260718,303,1784367732.511,1519.467,steady_state,11.0,2428.0,16303.0,9.8,24337.246,42.98,2135.04,13.63,141
phase08-live-hls-30min-20260718,304,1784367737.971,1524.927,steady_state,11.0,2428.0,16303.0,25.4,24326.035,37.19,2131.968,13.6,141
phase08-live-hls-30min-20260718,305,1784367742.489,1529.445,steady_state,11.0,2428.0,16303.0,17.9,24358.305,48.18,2132.992,13.61,141
phase08-live-hls-30min-20260718,306,1784367747.984,1534.941,steady_state,10.0,2428.0,16303.0,12.9,24438.219,42.47,2136.064,13.63,141
phase08-live-hls-30min-20260718,307,1784367752.492,1539.448,steady_state,11.0,2428.0,16303.0,9.3,24398.836,43.92,2132.992,13.61,141
phase08-live-hls-30min-20260718,308,1784367757.992,1544.948,steady_state,12.0,2428.0,16303.0,17.7,24413.496,39.34,2134.016,13.62,141
phase08-live-hls-30min-20260718,309,1784367762.504,1549.461,steady_state,12.0,2429.0,16303.0,5.0,24459.383,38.4,2135.04,13.62,141
phase08-live-hls-30min-20260718,310,1784367768.007,1554.963,steady_state,14.0,2429.0,16303.0,23.5,24405.898,37.42,2132.992,13.61,141
phase08-live-hls-30min-20260718,311,1784367772.528,1559.485,steady_state,13.0,2429.0,16303.0,24.6,24403.082,46.05,2134.016,13.62,141
phase08-live-hls-30min-20260718,312,1784367778.015,1564.971,steady_state,13.0,2427.0,16303.0,16.9,24447.613,45.14,2136.064,13.63,141
phase08-live-hls-30min-20260718,313,1784367782.496,1569.452,steady_state,30.0,2429.0,16303.0,8.5,24432.543,40.0,2132.992,13.61,141
phase08-live-hls-30min-20260718,314,1784367788.016,1574.972,steady_state,14.0,2429.0,16303.0,35.6,24334.859,42.14,2136.064,13.63,141
phase08-live-hls-30min-20260718,315,1784367792.511,1579.468,steady_state,14.0,2429.0,16303.0,4.7,24297.934,44.6,2131.968,13.61,141
phase08-live-hls-30min-20260718,316,1784367798.023,1584.98,steady_state,26.0,2427.0,16303.0,11.5,24339.613,39.59,2134.016,13.61,141
phase08-live-hls-30min-20260718,317,1784367802.526,1589.483,steady_state,15.0,2429.0,16303.0,19.7,24337.805,48.38,2136.064,13.63,141
phase08-live-hls-30min-20260718,318,1784367808.038,1594.995,steady_state,18.0,2427.0,16303.0,25.8,24300.98,37.98,2131.968,13.61,141
phase08-live-hls-30min-20260718,319,1784367812.514,1599.47,steady_state,15.0,2427.0,16303.0,18.5,24322.461,43.17,2131.968,13.61,141
phase08-live-hls-30min-20260718,320,1784367818.046,1605.002,steady_state,28.0,2429.0,16303.0,1.8,24316.457,47.39,2136.064,13.63,141
phase08-live-hls-30min-20260718,321,1784367822.5,1609.457,steady_state,14.0,2429.0,16303.0,22.1,24307.797,42.9,2132.992,13.61,141
phase08-live-hls-30min-20260718,322,1784367828.058,1615.014,steady_state,27.0,2431.0,16303.0,32.8,24296.055,39.38,2134.016,13.61,141
phase08-live-hls-30min-20260718,323,1784367832.516,1619.472,steady_state,31.0,2431.0,16303.0,12.8,24302.086,48.26,2137.088,13.64,141
phase08-live-hls-30min-20260718,324,1784367838.065,1625.022,steady_state,12.0,2431.0,16303.0,38.9,24315.371,38.56,2132.992,13.61,141
phase08-live-hls-30min-20260718,325,1784367842.532,1629.488,steady_state,13.0,2428.0,16303.0,28.1,24301.371,44.27,2134.016,13.62,141
phase08-live-hls-30min-20260718,326,1784367848.061,1635.017,steady_state,12.0,2431.0,16303.0,15.2,24375.234,44.68,2136.064,13.63,141
phase08-live-hls-30min-20260718,327,1784367852.527,1639.483,steady_state,30.0,2431.0,16303.0,5.4,24302.738,41.83,2131.968,13.6,141
phase08-live-hls-30min-20260718,328,1784367858.079,1645.036,steady_state,11.0,2431.0,16303.0,30.9,24331.773,40.41,2134.016,13.62,141
phase08-live-hls-30min-20260718,329,1784367862.525,1649.482,steady_state,11.0,2431.0,16303.0,5.3,24329.398,39.19,2135.04,13.63,141
phase08-live-hls-30min-20260718,330,1784367868.08,1655.036,steady_state,11.0,2428.0,16303.0,20.0,24378.672,37.17,2132.992,13.61,141
phase08-live-hls-30min-20260718,331,1784367872.522,1659.479,steady_state,13.0,2431.0,16303.0,15.0,23710.531,44.08,2132.992,13.61,141
phase08-live-hls-30min-20260718,332,1784367878.085,1665.042,steady_state,11.0,2429.0,16303.0,36.1,23718.09,46.36,2137.088,13.64,141
phase08-live-hls-30min-20260718,333,1784367882.503,1669.459,steady_state,11.0,2430.0,16303.0,20.7,23736.703,45.64,2132.992,13.61,141
phase08-live-hls-30min-20260718,334,1784367888.096,1675.052,steady_state,11.0,2430.0,16303.0,46.9,23726.27,39.46,2132.992,13.61,141
phase08-live-hls-30min-20260718,335,1784367892.513,1679.469,steady_state,11.0,2428.0,16303.0,13.1,23690.73,50.18,2137.088,13.64,141
phase08-live-hls-30min-20260718,336,1784367898.107,1685.064,steady_state,10.0,2428.0,16303.0,23.3,23694.684,40.79,2132.992,13.61,141
phase08-live-hls-30min-20260718,337,1784367902.492,1689.449,steady_state,11.0,2430.0,16303.0,21.7,23732.059,48.09,2134.016,13.62,141
phase08-live-hls-30min-20260718,338,1784367908.111,1695.068,steady_state,13.0,2428.0,16303.0,19.6,23715.656,45.19,2137.088,13.64,141
phase08-live-hls-30min-20260718,339,1784367912.554,1699.51,steady_state,12.0,2430.0,16303.0,5.3,23696.965,40.65,2132.992,13.61,141
phase08-live-hls-30min-20260718,340,1784367918.112,1705.069,steady_state,10.0,2430.0,16303.0,34.7,23745.41,38.29,2132.992,13.61,141
phase08-live-hls-30min-20260718,341,1784367922.503,1709.459,steady_state,20.0,2428.0,16303.0,11.8,23745.621,48.91,2134.016,13.62,141
phase08-live-hls-30min-20260718,342,1784367928.119,1715.076,steady_state,10.0,2430.0,16303.0,7.4,23775.387,46.41,2136.064,13.63,141
phase08-live-hls-30min-20260718,343,1784367932.532,1719.488,steady_state,11.0,2430.0,16303.0,5.0,23836.188,44.07,2131.968,13.61,141
phase08-live-hls-30min-20260718,344,1784367938.137,1725.093,steady_state,10.0,2430.0,16303.0,36.7,23809.734,40.07,2132.992,13.61,141
phase08-live-hls-30min-20260718,345,1784367942.503,1729.46,steady_state,11.0,2431.0,16303.0,14.8,23781.145,37.45,2136.064,13.63,141
phase08-live-hls-30min-20260718,346,1784367948.144,1735.1,steady_state,11.0,2434.0,16303.0,16.7,23723.648,42.06,2132.992,13.61,141
phase08-live-hls-30min-20260718,347,1784367952.523,1739.479,steady_state,11.0,2431.0,16303.0,25.4,23764.328,46.79,2132.992,13.61,141
phase08-live-hls-30min-20260718,348,1784367958.156,1745.112,steady_state,12.0,2434.0,16303.0,20.3,23726.906,37.44,2136.064,13.63,141
phase08-live-hls-30min-20260718,349,1784367962.534,1749.49,steady_state,11.0,2434.0,16303.0,6.3,23715.992,43.97,2131.968,13.61,141
phase08-live-hls-30min-20260718,350,1784367968.164,1755.12,steady_state,10.0,2431.0,16303.0,38.3,23791.957,37.51,2132.992,13.61,141
phase08-live-hls-30min-20260718,351,1784367972.535,1759.491,steady_state,11.0,2434.0,16303.0,3.6,23744.547,50.42,2134.016,13.62,141
phase08-live-hls-30min-20260718,352,1784367978.175,1765.131,steady_state,11.0,2431.0,16303.0,12.1,23724.551,50.8,2137.088,13.64,141
phase08-live-hls-30min-20260718,353,1784367982.522,1769.478,steady_state,11.0,2431.0,16303.0,32.3,23708.441,44.83,2134.016,13.61,141
phase08-live-hls-30min-20260718,354,1784367988.179,1775.135,steady_state,11.0,2434.0,16303.0,38.7,23759.469,38.1,2132.992,13.61,141
phase08-live-hls-30min-20260718,355,1784367992.539,1779.496,steady_state,10.0,2434.0,16303.0,6.7,23727.055,50.54,2136.064,13.63,141
phase08-live-hls-30min-20260718,356,1784367998.186,1785.142,steady_state,10.0,2434.0,16303.0,11.4,23733.051,37.04,2131.968,13.61,141
phase08-live-hls-30min-20260718,357,1784368002.522,1789.479,steady_state,12.0,2435.0,16303.0,22.4,23762.332,45.15,2134.016,13.62,141
phase08-live-hls-30min-20260718,358,1784368008.186,1795.142,steady_state,11.0,2433.0,16303.0,7.1,23769.465,47.37,2137.088,13.64,141
phase08-live-hls-30min-20260718,359,1784368012.519,1799.475,steady_state,10.0,2435.0,16303.0,7.3,23711.188,48.01,2132.992,13.61,141
